مصادر لقطات الشاشة,Unnamed: 1,Unnamed: 2,Unnamed: 3
,,,
,,,
المعرف,اسم الملف,النطاق الظاهر,ملاحظات
S01,Screenshot 2026-07-12 at 10.30.58 AM(1).png,مراجعات ظاهرة في لقطة Google Play,تم النسخ يدويًا بأفضل دقة ممكنة؛ بعض البطاقات ممتدة بين صورتين أو مقطوعة.
S02,Screenshot 2026-07-12 at 10.31.27 AM(1).png,مراجعات ظاهرة في لقطة Google Play,تم النسخ يدويًا بأفضل دقة ممكنة؛ بعض البطاقات ممتدة بين صورتين أو مقطوعة.
S03,Screenshot 2026-07-12 at 10.32.10 AM(1).png,مراجعات ظاهرة في لقطة Google Play,تم النسخ يدويًا بأفضل دقة ممكنة؛ بعض البطاقات ممتدة بين صورتين أو مقطوعة.
S04,Screenshot 2026-07-12 at 10.32.23 AM(1).png,مراجعات ظاهرة في لقطة Google Play,تم النسخ يدويًا بأفضل دقة ممكنة؛ بعض البطاقات ممتدة بين صورتين أو مقطوعة.
S05,Screenshot 2026-07-12 at 10.32.43 AM(1).png,مراجعات ظاهرة في لقطة Google Play,تم النسخ يدويًا بأفضل دقة ممكنة؛ بعض البطاقات ممتدة بين صورتين أو مقطوعة.
S06,Screenshot 2026-07-12 at 10.33.04 AM(1).png,مراجعات ظاهرة في لقطة Google Play,تم النسخ يدويًا بأفضل دقة ممكنة؛ بعض البطاقات ممتدة بين صورتين أو مقطوعة.
S07,Screenshot 2026-07-12 at 10.33.19 AM(1).png,مراجعات ظاهرة في لقطة Google Play,تم النسخ يدويًا بأفضل دقة ممكنة؛ بعض البطاقات ممتدة بين صورتين أو مقطوعة.
S08,Screenshot 2026-07-12 at 10.33.43 AM(1).png,مراجعات ظاهرة في لقطة Google Play,تم النسخ يدويًا بأفضل دقة ممكنة؛ بعض البطاقات ممتدة بين صورتين أو مقطوعة.
S09,Screenshot 2026-07-12 at 10.33.55 AM(1).png,مراجعات ظاهرة في لقطة Google Play,تم النسخ يدويًا بأفضل دقة ممكنة؛ بعض البطاقات ممتدة بين صورتين أو مقطوعة.
S10,Screenshot 2026-07-12 at 10.34.05 AM(1).png,مراجعات ظاهرة في لقطة Google Play,تم النسخ يدويًا بأفضل دقة ممكنة؛ بعض البطاقات ممتدة بين صورتين أو مقطوعة.
S11,Screenshot 2026-07-12 at 10.34.25 AM(1).png,مراجعات ظاهرة في لقطة Google Play,تم النسخ يدويًا بأفضل دقة ممكنة؛ بعض البطاقات ممتدة بين صورتين أو مقطوعة.
S12,Screenshot 2026-07-12 at 10.34.38 AM(1).png,مراجعات ظاهرة في لقطة Google Play,تم النسخ يدويًا بأفضل دقة ممكنة؛ بعض البطاقات ممتدة بين صورتين أو مقطوعة.
S13,Screenshot 2026-07-12 at 10.34.53 AM(1).png,مراجعات ظاهرة في لقطة Google Play,تم النسخ يدويًا بأفضل دقة ممكنة؛ بعض البطاقات ممتدة بين صورتين أو مقطوعة.
S14,Screenshot 2026-07-12 at 10.35.09 AM(1).png,مراجعات ظاهرة في لقطة Google Play,تم النسخ يدويًا بأفضل دقة ممكنة؛ بعض البطاقات ممتدة بين صورتين أو مقطوعة.
S15,Screenshot 2026-07-12 at 10.35.20 AM(1).png,مراجعات ظاهرة في لقطة Google Play,تم النسخ يدويًا بأفضل دقة ممكنة؛ بعض البطاقات ممتدة بين صورتين أو مقطوعة.
S16,Screenshot 2026-07-12 at 10.35.56 AM.png,مراجعات ظاهرة في لقطة Google Play,تم النسخ يدويًا بأفضل دقة ممكنة؛ بعض البطاقات ممتدة بين صورتين أو مقطوعة.
S17,Screenshot 2026-07-12 at 10.36.26 AM.png,مراجعات ظاهرة في لقطة Google Play,تم النسخ يدويًا بأفضل دقة ممكنة؛ بعض البطاقات ممتدة بين صورتين أو مقطوعة.
S18,Screenshot 2026-07-12 at 10.36.37 AM.png,مراجعات ظاهرة في لقطة Google Play,تم النسخ يدويًا بأفضل دقة ممكنة؛ بعض البطاقات ممتدة بين صورتين أو مقطوعة.
S19,Screenshot 2026-07-12 at 10.36.46 AM.png,مراجعات ظاهرة في لقطة Google Play,تم النسخ يدويًا بأفضل دقة ممكنة؛ بعض البطاقات ممتدة بين صورتين أو مقطوعة.
