تحليل مراجعات تطبيق ختمة والاستفادة منها في MeMuslim (تلاوة سابقًا),Unnamed: 1,Unnamed: 2,Unnamed: 3,Unnamed: 4,Unnamed: 5,Unnamed: 6,Unnamed: 7,Unnamed: 8,Unnamed: 9,Unnamed: 10,Unnamed: 11,Unnamed: 12
,,,,,,,,,,,,
,,,,,,,,,,,,
ملاحظة منهجية مهمة: هذا الملف يحلل 59 مراجعة نصية ظاهرة في لقطات الشاشة المرسلة، وتبدو العينة منتقاة من تقييمات 5 نجوم ونجمة واحدة؛ لذلك لا تمثل التوزيع الحقيقي لكل مراجعات ختمة. قيمة العينة هنا هي اكتشاف أنماط المنتج والمخاطر، لا تقدير نسبة رضا السوق.,,,,,,,,,,,,
,,,,,,,,,,,,
,,,,,,,,,,,,
,,,,,,,,,,,,
إجمالي المراجعات,,5 نجوم,,نجمة واحدة,,نص إيجابي مع نجمة واحدة,,بلاغات نزاهة المحتوى,,مشاكل الأذان/الموقع,,طلبات الروايات
59,,19,,40,,5,,7,,11,,3
,,,,,,,,,,,,
,,,,,,,,,,,,
الحكم التنفيذي,,,,,,,,,,,,
نجاح ختمة قائم أساسًا على حلقة عادة واضحة: خطة ختمة → ورد يومي → تذكير → إنجاز → تقدم. الشمولية مفيدة، لكنها ليست المحرك الحقيقي للاحتفاظ. وفي المقابل، أكبر فرص MeMuslim هي تقديم تجربة أحدث وأنظف مع موثوقية أعلى. لكن هناك شرط غير قابل للتفاوض: نزاهة القرآن والمحتوى الديني، ودقة الأذان، يجب أن يعاملا كأنظمة حرجة. أي خطأ فيهما قد يلغي قيمة كل تحسينات UI والميزات الأخرى.,,,,,,,,,,,,
,,,,,,,,,,,,
,,,,,,,,,,,,
,,,,,,,,,,,,
,,,,,,,,,,,,
ما الذي يحبّه المستخدمون في ختمة؟,,,,,,,ما الذي يسبب فقدان الثقة؟,,,,,
"1) تنظيم الختمة والورد اليومي.
2) سهولة الاستخدام وملاءمة كبار السن.
3) وجود الاحتياجات في مكان واحد.
4) واجهة نظيفة ومظهر Premium.
5) عدم وجود الإعلانات.
6) الويدجت وتتبع الالتزام لتحويل التطبيق إلى رفيق يومي.",,,,,,,"1) ادعاءات أخطاء أو نقص في نص القرآن وأرقام الآيات وحدود الأجزاء.
2) تعطل الأذان أو تأخره أو توقفه في الخلفية.
3) فجوة واضحة بين Android وiOS.
4) طلبات دعم/دفع متكررة أو Paywall مفاجئ.
5) عدم وجود بديل يدوي للموقع والصلاحيات.
6) واجهة قديمة أو مرهقة للعين أو صعبة الضبط.",,,,,
,,,,,,,,,,,,
,,,,,,,,,,,,
,,,,,,,,,,,,
,,,,,,,,,,,,
,,,,,,,,,,,,
,,,,,,,,,,,,
,,,,,,,,,,,,
الاستراتيجية المقترحة لـ MeMuslim,,,,,,,,,,,,
"التمركز المقترح: «أنا مسلم — رفيقك اليومي للقرآن والصلاة».

اجعل الصفحة الرئيسية رحلة يومية لا كتالوج أدوات: الصلاة القادمة → ورد اليوم → متابعة القراءة/الاستماع → ذكر اليوم → التقدم الأسبوعي.

ترتيب الأولويات:
P0: بوابة نزاهة القرآن والمحتوى + برنامج موثوقية الأذان + موقع يدوي وتشخيص الصلاحيات.
P1: خطة ختمة وورد يومي، تكافؤ المنصات، ويدجت الورد، streak رحيم، واجهة Premium سهلة لكبار السن، وشفافية كاملة في الدفع.
P2: دعم رواية ورش/قالون وفق خطة الأسواق، وتوسيع الأذكار من مصادر موثقة.

القاعدة الحاكمة: لا تسوّق أي ميزة دينية كميزة أساسية قبل أن تصبح قابلة للقياس والاختبار والمراقبة في الإنتاج.",,,,,,,,,,,,
